<?xml version="1.0" encoding="UTF-8" ?>
<!DOCTYPE mapper
  PUBLIC "-//mybatis.org//DTD Mapper 3.0//EN"
  "http://mybatis.org/dtd/mybatis-3-mapper.dtd">

<!-- namespace 바꾸기 -->
<mapper namespace="jmp.spring.mapper.ReplyMapper">
	
	<!-- 쿼리 작성하기 (후에 mapper만들기)-->
	<insert id="insert"> <!-- id는 메소드 이름 -->
	insert into tbl_reply values
		(seq_reply.nextval, #{bno}, #{reply}, #{replyer}, sysdate, sysdate)
	</insert>
	
	<select id="get" resultType="jmp.spring.vo.ReplyVo">
	select rno, bno, reply, replyer, replydate,      
			case 
		        when to_char(sysdate,'yyyymmdd') = to_char(updatedate,'yyyymmdd')
		        then to_char(updatedate,'hh:mi:ss')
		        else to_char(updatedate,'yyyy/mm/dd')
		    end updatedate
    
     from tbl_reply where rno=#{rno}
	</select>
	
	<select id="getList" resultType="jmp.spring.vo.ReplyVo">
	select  rn ,rno, bno, reply, replyer, replydate,      
            case 
                when to_char(sysdate,'yyyymmdd') = to_char(updatedate,'yyyymmdd')
                then to_char(updatedate,'hh:mi:ss')
                else to_char(updatedate,'yyyy/mm/dd')
            end updatedate 
	from  (     select  ROW_NUMBER() OVER (ORDER BY rno desc) rn, reply.*
	            from tbl_reply reply
	            where bno=#{bno}
	            order by rno desc
	        )
	where rn between #{cri.pageNo} * #{cri.amount} - 9 
				 and #{cri.pageNo} * #{cri.amount}
	</select>
	
	<update id="update">
	update tbl_reply set reply=#{reply}, replyer=#{replyer}, updatedate=sysdate where rno=#{rno}
	</update>
	
	<delete id="delete">
	delete tbl_reply where rno=#{rno}
	</delete>
	
	<select id="getTotal" resultType="int">
	select count(*) from tbl_reply where bno = #{bno}
	</select>
	
	
	<update id="updateReplyCnt">
	update tbl_board 
	set replycnt = 
	            (select count(*) from tbl_reply where bno = #{bno})
	where bno = #{bno};
	</update>
	
	
	
	
	
	
	
	
	
	
	
	
	
	
</mapper>