<?xml version="1.0" encoding="UTF-8"?>
<!DOCTYPE mapper  PUBLIC "-//mybatis.org//DTD Mapper 3.0//EN"
  "http://mybatis.org/dtd/mybatis-3-mapper.dtd">
<mapper namespace="jmp.spring.mapper.FileUploadMapper">


<insert id="addcontents">
insert into t_contents (cno,cname,story,cast,tags,bc,agelimit,end) values(
SEQ_T_CONTENTS.nextval,#{cname},#{story},#{cast},#{tags},#{bc},#{agelimit},#{end})
</insert>

<!-- 캐스트 관련 쿼리 -->
<insert id="addcast">
insert into t_cast(castno, castname,profileUploadPath,profileImgName) values(SEG_T_CAST.nextval, #{castname},#{profileUploadPath},#{profileImgName})
</insert>

<insert id="addcast_match">
insert into cast_match(cno,cast,castno)  values(#{cno},#{cast},#{castno}) 
</insert>

<select id="getcastByName" resultType="jmp.spring.vo.CastVo">
select * from  t_cast where castname= #{castname}
</select>
<!--               -->


<!-- 동영상 쿼리 -->
<insert id="addVideo">
insert into t_video(vno,vuploadpath,vfilename, regdate,story,cno) values(
SEQ_T_VIDEO.nextval,#{vuploadpath},#{vfilename},#{ regdate},#{story},#{cno})
</insert>

<select id="getAllVideo" resultType="jmp.spring.vo.VideoVo">
select * from t_video where cno= #{cno}
</select>

<select id="getAllVideoD" resultType="jmp.spring.vo.VideoVo">
select * from t_video where cno= #{cno} ORDER BY VNO DESC
</select>

<select id="getOneVideo" resultType="jmp.spring.vo.VideoVo">
select * from t_video where vno= #{vno}
</select>

<!-- 끝 -->

<select id="getList" resultType="jmp.spring.vo.ContentVo">
select attachNo, uuid, uploadPath, fileName, fileType, 
uploadPath || uuid ||'_' || fileName as savePath,
uploadPath ||'s_' || uuid ||'_' || fileName as s_savePath from tbl_attach
where attachno= #{attachno}
</select>



<select id="getAllList" resultType="jmp.spring.vo.ContentVo">
SELECT * FROM T_CONTENTS ORDER BY CNO

</select>


<select id="getSeq" resultType="int">
select seq_attach.nextval from dual
</select>

<insert id="insert">
insert into tbl_attach values (#{attachno}, #{uuid}, #{uploadpath}, #{filename}, #{filetype}, sysdate)
</insert>

<update id="updatePoster">

update t_contents set puploadpath = #{puploadpath}, pfilename = #{pfilename} where cname = #{cname}
</update>


<delete id="delete">
delete tbl_attach where attachno= #{attachno} and uuid = #{uuid} 

</delete>

<select id="get" resultType="jmp.spring.vo.ContentVo" >
select * from t_contents
<!-- uploadPath || uuid ||'_' || fileName as savePath,
uploadPath ||'s_' || uuid ||'_' || fileName as s_savePath from tbl_attach -->
where cno= #{cno}
</select>

<select id="getBycname" resultType="jmp.spring.vo.ContentVo" >
select * from t_contents

where cname= #{cname}
</select>

</mapper>